{
  "moucheture": {
    "id":"moucheture",
    "xml": "<g transform=\"translate(90.5,90.5)\"><path d=\"M0,0c-13 69.5-40 120.5-68 155.5 12-4 25-14 37.5-22-7.5 18-15.5 34-23.5 50 4-2 20-18 40-42 3 33 8 70 14 92.5 6-22.5 11-59.5 14-92.5 20 24 36 40 40 42-8-16-16-32-23.5-50 12.5 8 25.5 18 37.5 22-28-35-55-86-68-155.5z\" /><path id=\"h\" d=\"M56,8.35c2.3,-3.7 17.2,13 33,-11.5-29.4,21.7-42.2,-39.76-69,-6.3-10.6,13.2 11,46.4 36,17.8z\" /><use xlink:href=\"#h\" transform=\"rotate(-90)\" /><use xlink:href=\"#h\" transform=\"scale(-1,1)\" /></g>",
    "width": 181,
    "height": 325,
    "seme": {
      "tx": 180,
      "ty": 360,
      "repetition": 5
    }
  },
  "billette": {
    "id":"billette",
    "xml": "<rect x=\"0\" y=\"0\" width=\"10\" height=\"25\"/>",
    "width": 10,
    "height": 25,
    "seme": {
      "tx": 20,
      "ty": 35,
      "repetition": 5
    }
  },
  "lys": {
    "id":"lys",
    "xml": "<g transform=\"translate(-16,-40)\"><path d=\"m 51.604836,122.05696 c -3.589757,8.47576 -8.027658,11.90683 -12.335769,16.0716 4.828835,0.022 9.641897,-0.90525 14.629922,-5.08976 0.08496,12.91131 2.834613,17.10268 6.431148,21.66282 3.545651,-4.42455 6.483716,-8.73724 6.468756,-21.66282 4.988025,4.18451 9.788553,5.11181 14.617386,5.08976 -4.307799,-4.16446 -8.733617,-7.59721 -12.323233,-16.0716 z\" /><rect y=\"115.69497\" x=\"40.886269\" height=\"6.3676634\" width=\"38.912807\" /><path d=\"m 60.33772,41.23969 c -14.017315,14.880975 -19.41298,32.023075 -8.273991,53.492605 2.544021,6.522295 4.548565,13.256255 4.136996,20.960775 h 8.273991 c -0.41157,-7.70452 1.592971,-14.43848 4.136995,-20.960775 11.13899,-21.469528 5.743325,-38.61163 -8.273991,-53.492605 z\" /><path d=\"m 30.639107,78.171777 c -14.135109,0.339119 -23.5592369,24.077013 6.105202,35.653383 -9.804312,-19.205467 8.382604,-12.08787 10.781261,1.86791 h 7.032893 C 50.675472,87.346552 39.694548,77.954525 30.639107,78.171777 Z\" /><path d=\"m 89.49727,78.171777 c -8.946509,0.16753 -19.562483,9.742024 -23.367756,37.521293 H 73.14987 C 75.548649,101.73729 93.747979,94.619693 83.943667,113.82516 113.98842,102.10037 103.93021,77.901512 89.49727,78.171777 Z\" /></g>",
    "width": 88,
    "height": 115,
    "seme": {
      "tx": 88,
      "ty": 115,
      "repetition": 5
    }
  },
  "$default": {
    "id":"$default",
    "xml": "<circle cx=\"10\" cy=\"10\" r=\"10\"/>",
    "width": 20,
    "height": 20,
    "seme": {
      "tx": 20,
      "ty": 20,
      "repetition": 5
    }
  }
}